id,title,author,category,year,type
book_1,图书示例 1,作者2,文学,2022,book
book_2,图书示例 2,作者3,历史,2023,book
book_3,图书示例 3,作者4,计算机,2021,book
book_4,图书示例 4,作者5,文学,2022,book
book_5,图书示例 5,作者6,历史,2023,book
book_6,图书示例 6,作者7,计算机,2021,book
book_7,图书示例 7,作者8,文学,2022,book
book_8,图书示例 8,作者9,历史,2023,book
book_9,图书示例 9,作者10,计算机,2021,book
book_10,图书示例 10,作者1,文学,2022,book
book_11,图书示例 11,作者2,历史,2023,book
book_12,图书示例 12,作者3,计算机,2021,book
book_13,图书示例 13,作者4,文学,2022,book
book_14,图书示例 14,作者5,历史,2023,book
book_15,图书示例 15,作者6,计算机,2021,book
book_16,图书示例 16,作者7,文学,2022,book
book_17,图书示例 17,作者8,历史,2023,book
book_18,图书示例 18,作者9,计算机,2021,book
book_19,图书示例 19,作者10,文学,2022,book
book_20,图书示例 20,作者1,历史,2023,book
book_21,图书示例 21,作者2,计算机,2021,book
book_22,图书示例 22,作者3,文学,2022,book
book_23,图书示例 23,作者4,历史,2023,book
book_24,图书示例 24,作者5,计算机,2021,book
book_25,图书示例 25,作者6,文学,2022,book
book_26,图书示例 26,作者7,历史,2023,book
book_27,图书示例 27,作者8,计算机,2021,book
book_28,图书示例 28,作者9,文学,2022,book
book_29,图书示例 29,作者10,历史,2023,book
book_30,图书示例 30,作者1,计算机,2021,book
book_31,图书示例 31,作者2,文学,2022,book
book_32,图书示例 32,作者3,历史,2023,book
book_33,图书示例 33,作者4,计算机,2021,book
book_34,图书示例 34,作者5,文学,2022,book
book_35,图书示例 35,作者6,历史,2023,book
book_36,图书示例 36,作者7,计算机,2021,book
book_37,图书示例 37,作者8,文学,2022,book
book_38,图书示例 38,作者9,历史,2023,book
book_39,图书示例 39,作者10,计算机,2021,book
book_40,图书示例 40,作者1,文学,2022,book
book_41,图书示例 41,作者2,历史,2023,book
book_42,图书示例 42,作者3,计算机,2021,book
book_43,图书示例 43,作者4,文学,2022,book
book_44,图书示例 44,作者5,历史,2023,book
book_45,图书示例 45,作者6,计算机,2021,book
book_46,图书示例 46,作者7,文学,2022,book
book_47,图书示例 47,作者8,历史,2023,book
book_48,图书示例 48,作者9,计算机,2021,book
book_49,图书示例 49,作者10,文学,2022,book
book_50,图书示例 50,作者1,历史,2023,book
book_51,图书示例 51,作者2,计算机,2021,book
book_52,图书示例 52,作者3,文学,2022,book
book_53,图书示例 53,作者4,历史,2023,book
book_54,图书示例 54,作者5,计算机,2021,book
book_55,图书示例 55,作者6,文学,2022,book
book_56,图书示例 56,作者7,历史,2023,book
book_57,图书示例 57,作者8,计算机,2021,book
book_58,图书示例 58,作者9,文学,2022,book
book_59,图书示例 59,作者10,历史,2023,book
book_60,图书示例 60,作者1,计算机,2021,book
book_61,图书示例 61,作者2,文学,2022,book
book_62,图书示例 62,作者3,历史,2023,book
book_63,图书示例 63,作者4,计算机,2021,book
book_64,图书示例 64,作者5,文学,2022,book
book_65,图书示例 65,作者6,历史,2023,book
book_66,图书示例 66,作者7,计算机,2021,book
book_67,图书示例 67,作者8,文学,2022,book
book_68,图书示例 68,作者9,历史,2023,book
book_69,图书示例 69,作者10,计算机,2021,book
book_70,图书示例 70,作者1,文学,2022,book
book_71,图书示例 71,作者2,历史,2023,book
book_72,图书示例 72,作者3,计算机,2021,book
book_73,图书示例 73,作者4,文学,2022,book
book_74,图书示例 74,作者5,历史,2023,book
book_75,图书示例 75,作者6,计算机,2021,book
book_76,图书示例 76,作者7,文学,2022,book
book_77,图书示例 77,作者8,历史,2023,book
book_78,图书示例 78,作者9,计算机,2021,book
book_79,图书示例 79,作者10,文学,2022,book
book_80,图书示例 80,作者1,历史,2023,book
book_81,图书示例 81,作者2,计算机,2021,book
book_82,图书示例 82,作者3,文学,2022,book
book_83,图书示例 83,作者4,历史,2023,book
book_84,图书示例 84,作者5,计算机,2021,book
book_85,图书示例 85,作者6,文学,2022,book
book_86,图书示例 86,作者7,历史,2023,book
book_87,图书示例 87,作者8,计算机,2021,book
book_88,图书示例 88,作者9,文学,2022,book
book_89,图书示例 89,作者10,历史,2023,book
book_90,图书示例 90,作者1,计算机,2021,book
book_91,图书示例 91,作者2,文学,2022,book
book_92,图书示例 92,作者3,历史,2023,book
book_93,图书示例 93,作者4,计算机,2021,book
book_94,图书示例 94,作者5,文学,2022,book
book_95,图书示例 95,作者6,历史,2023,book
book_96,图书示例 96,作者7,计算机,2021,book
book_97,图书示例 97,作者8,文学,2022,book
book_98,图书示例 98,作者9,历史,2023,book
book_99,图书示例 99,作者10,计算机,2021,book
book_100,图书示例 100,作者1,文学,2022,book
book_101,图书示例 101,作者2,历史,2023,book
book_102,图书示例 102,作者3,计算机,2021,book
book_103,图书示例 103,作者4,文学,2022,book
book_104,图书示例 104,作者5,历史,2023,book
book_105,图书示例 105,作者6,计算机,2021,book
book_106,图书示例 106,作者7,文学,2022,book
book_107,图书示例 107,作者8,历史,2023,book
book_108,图书示例 108,作者9,计算机,2021,book
book_109,图书示例 109,作者10,文学,2022,book
book_110,图书示例 110,作者1,历史,2023,book
book_111,图书示例 111,作者2,计算机,2021,book
book_112,图书示例 112,作者3,文学,2022,book
book_113,图书示例 113,作者4,历史,2023,book
book_114,图书示例 114,作者5,计算机,2021,book
book_115,图书示例 115,作者6,文学,2022,book
book_116,图书示例 116,作者7,历史,2023,book
book_117,图书示例 117,作者8,计算机,2021,book
book_118,图书示例 118,作者9,文学,2022,book
book_119,图书示例 119,作者10,历史,2023,book
book_120,图书示例 120,作者1,计算机,2021,book
book_121,图书示例 121,作者2,文学,2022,book
book_122,图书示例 122,作者3,历史,2023,book
book_123,图书示例 123,作者4,计算机,2021,book
book_124,图书示例 124,作者5,文学,2022,book
book_125,图书示例 125,作者6,历史,2023,book
book_126,图书示例 126,作者7,计算机,2021,book
book_127,图书示例 127,作者8,文学,2022,book
book_128,图书示例 128,作者9,历史,2023,book
book_129,图书示例 129,作者10,计算机,2021,book
book_130,图书示例 130,作者1,文学,2022,book
book_131,图书示例 131,作者2,历史,2023,book
book_132,图书示例 132,作者3,计算机,2021,book
book_133,图书示例 133,作者4,文学,2022,book
book_134,图书示例 134,作者5,历史,2023,book
book_135,图书示例 135,作者6,计算机,2021,book
book_136,图书示例 136,作者7,文学,2022,book
book_137,图书示例 137,作者8,历史,2023,book
book_138,图书示例 138,作者9,计算机,2021,book
book_139,图书示例 139,作者10,文学,2022,book
book_140,图书示例 140,作者1,历史,2023,book
book_141,图书示例 141,作者2,计算机,2021,book
book_142,图书示例 142,作者3,文学,2022,book
book_143,图书示例 143,作者4,历史,2023,book
book_144,图书示例 144,作者5,计算机,2021,book
book_145,图书示例 145,作者6,文学,2022,book
book_146,图书示例 146,作者7,历史,2023,book
book_147,图书示例 147,作者8,计算机,2021,book
book_148,图书示例 148,作者9,文学,2022,book
book_149,图书示例 149,作者10,历史,2023,book
book_150,图书示例 150,作者1,计算机,2021,book
book_151,图书示例 151,作者2,文学,2022,book
book_152,图书示例 152,作者3,历史,2023,book
book_153,图书示例 153,作者4,计算机,2021,book
book_154,图书示例 154,作者5,文学,2022,book
book_155,图书示例 155,作者6,历史,2023,book
book_156,图书示例 156,作者7,计算机,2021,book
book_157,图书示例 157,作者8,文学,2022,book
book_158,图书示例 158,作者9,历史,2023,book
book_159,图书示例 159,作者10,计算机,2021,book
book_160,图书示例 160,作者1,文学,2022,book
book_161,图书示例 161,作者2,历史,2023,book
book_162,图书示例 162,作者3,计算机,2021,book
book_163,图书示例 163,作者4,文学,2022,book
book_164,图书示例 164,作者5,历史,2023,book
book_165,图书示例 165,作者6,计算机,2021,book
book_166,图书示例 166,作者7,文学,2022,book
book_167,图书示例 167,作者8,历史,2023,book
book_168,图书示例 168,作者9,计算机,2021,book
book_169,图书示例 169,作者10,文学,2022,book
book_170,图书示例 170,作者1,历史,2023,book
book_171,图书示例 171,作者2,计算机,2021,book
book_172,图书示例 172,作者3,文学,2022,book
book_173,图书示例 173,作者4,历史,2023,book
book_174,图书示例 174,作者5,计算机,2021,book
book_175,图书示例 175,作者6,文学,2022,book
book_176,图书示例 176,作者7,历史,2023,book
book_177,图书示例 177,作者8,计算机,2021,book
book_178,图书示例 178,作者9,文学,2022,book
book_179,图书示例 179,作者10,历史,2023,book
book_180,图书示例 180,作者1,计算机,2021,book
book_181,图书示例 181,作者2,文学,2022,book
book_182,图书示例 182,作者3,历史,2023,book
book_183,图书示例 183,作者4,计算机,2021,book
book_184,图书示例 184,作者5,文学,2022,book
book_185,图书示例 185,作者6,历史,2023,book
book_186,图书示例 186,作者7,计算机,2021,book
book_187,图书示例 187,作者8,文学,2022,book
book_188,图书示例 188,作者9,历史,2023,book
book_189,图书示例 189,作者10,计算机,2021,book
book_190,图书示例 190,作者1,文学,2022,book
book_191,图书示例 191,作者2,历史,2023,book
book_192,图书示例 192,作者3,计算机,2021,book
book_193,图书示例 193,作者4,文学,2022,book
book_194,图书示例 194,作者5,历史,2023,book
book_195,图书示例 195,作者6,计算机,2021,book
book_196,图书示例 196,作者7,文学,2022,book
book_197,图书示例 197,作者8,历史,2023,book
book_198,图书示例 198,作者9,计算机,2021,book
book_199,图书示例 199,作者10,文学,2022,book
book_200,图书示例 200,作者1,历史,2023,book
book_201,图书示例 201,作者2,计算机,2021,book
book_202,图书示例 202,作者3,文学,2022,book
book_203,图书示例 203,作者4,历史,2023,book
book_204,图书示例 204,作者5,计算机,2021,book
book_205,图书示例 205,作者6,文学,2022,book
book_206,图书示例 206,作者7,历史,2023,book
book_207,图书示例 207,作者8,计算机,2021,book
book_208,图书示例 208,作者9,文学,2022,book
book_209,图书示例 209,作者10,历史,2023,book
book_210,图书示例 210,作者1,计算机,2021,book
book_211,图书示例 211,作者2,文学,2022,book
book_212,图书示例 212,作者3,历史,2023,book
book_213,图书示例 213,作者4,计算机,2021,book
book_214,图书示例 214,作者5,文学,2022,book
book_215,图书示例 215,作者6,历史,2023,book
book_216,图书示例 216,作者7,计算机,2021,book
book_217,图书示例 217,作者8,文学,2022,book
book_218,图书示例 218,作者9,历史,2023,book
book_219,图书示例 219,作者10,计算机,2021,book
book_220,图书示例 220,作者1,文学,2022,book
book_221,图书示例 221,作者2,历史,2023,book
book_222,图书示例 222,作者3,计算机,2021,book
book_223,图书示例 223,作者4,文学,2022,book
book_224,图书示例 224,作者5,历史,2023,book
book_225,图书示例 225,作者6,计算机,2021,book
book_226,图书示例 226,作者7,文学,2022,book
book_227,图书示例 227,作者8,历史,2023,book
book_228,图书示例 228,作者9,计算机,2021,book
book_229,图书示例 229,作者10,文学,2022,book
book_230,图书示例 230,作者1,历史,2023,book
book_231,图书示例 231,作者2,计算机,2021,book
book_232,图书示例 232,作者3,文学,2022,book
book_233,图书示例 233,作者4,历史,2023,book
book_234,图书示例 234,作者5,计算机,2021,book
book_235,图书示例 235,作者6,文学,2022,book
book_236,图书示例 236,作者7,历史,2023,book
book_237,图书示例 237,作者8,计算机,2021,book
book_238,图书示例 238,作者9,文学,2022,book
book_239,图书示例 239,作者10,历史,2023,book
book_240,图书示例 240,作者1,计算机,2021,book
book_241,图书示例 241,作者2,文学,2022,book
book_242,图书示例 242,作者3,历史,2023,book
book_243,图书示例 243,作者4,计算机,2021,book
book_244,图书示例 244,作者5,文学,2022,book
book_245,图书示例 245,作者6,历史,2023,book
book_246,图书示例 246,作者7,计算机,2021,book
book_247,图书示例 247,作者8,文学,2022,book
book_248,图书示例 248,作者9,历史,2023,book
book_249,图书示例 249,作者10,计算机,2021,book
book_250,图书示例 250,作者1,文学,2022,book
book_251,图书示例 251,作者2,历史,2023,book
book_252,图书示例 252,作者3,计算机,2021,book
book_253,图书示例 253,作者4,文学,2022,book
book_254,图书示例 254,作者5,历史,2023,book
book_255,图书示例 255,作者6,计算机,2021,book
book_256,图书示例 256,作者7,文学,2022,book
book_257,图书示例 257,作者8,历史,2023,book
book_258,图书示例 258,作者9,计算机,2021,book
book_259,图书示例 259,作者10,文学,2022,book
book_260,图书示例 260,作者1,历史,2023,book
book_261,图书示例 261,作者2,计算机,2021,book
book_262,图书示例 262,作者3,文学,2022,book
book_263,图书示例 263,作者4,历史,2023,book
book_264,图书示例 264,作者5,计算机,2021,book
book_265,图书示例 265,作者6,文学,2022,book
book_266,图书示例 266,作者7,历史,2023,book
book_267,图书示例 267,作者8,计算机,2021,book
book_268,图书示例 268,作者9,文学,2022,book
book_269,图书示例 269,作者10,历史,2023,book
book_270,图书示例 270,作者1,计算机,2021,book
book_271,图书示例 271,作者2,文学,2022,book
book_272,图书示例 272,作者3,历史,2023,book
book_273,图书示例 273,作者4,计算机,2021,book
book_274,图书示例 274,作者5,文学,2022,book
book_275,图书示例 275,作者6,历史,2023,book
book_276,图书示例 276,作者7,计算机,2021,book
book_277,图书示例 277,作者8,文学,2022,book
book_278,图书示例 278,作者9,历史,2023,book
book_279,图书示例 279,作者10,计算机,2021,book
book_280,图书示例 280,作者1,文学,2022,book
book_281,图书示例 281,作者2,历史,2023,book
book_282,图书示例 282,作者3,计算机,2021,book
book_283,图书示例 283,作者4,文学,2022,book
book_284,图书示例 284,作者5,历史,2023,book
book_285,图书示例 285,作者6,计算机,2021,book
book_286,图书示例 286,作者7,文学,2022,book
book_287,图书示例 287,作者8,历史,2023,book
book_288,图书示例 288,作者9,计算机,2021,book
book_289,图书示例 289,作者10,文学,2022,book
book_290,图书示例 290,作者1,历史,2023,book
book_291,图书示例 291,作者2,计算机,2021,book
book_292,图书示例 292,作者3,文学,2022,book
book_293,图书示例 293,作者4,历史,2023,book
book_294,图书示例 294,作者5,计算机,2021,book
book_295,图书示例 295,作者6,文学,2022,book
book_296,图书示例 296,作者7,历史,2023,book
book_297,图书示例 297,作者8,计算机,2021,book
book_298,图书示例 298,作者9,文学,2022,book
book_299,图书示例 299,作者10,历史,2023,book
book_300,图书示例 300,作者1,计算机,2021,book
